{"cameraMode":{"drawMode":0,"name":"Shaded","section":"Shading Mode"},"sceneLighting":true,"audioPlay":false,"sceneViewState":{"m_AlwaysRefresh":false,"showFog":true,"showSkybox":true,"showFlares":true,"showImageEffects":true,"showParticleSystems":true,"showVisualEffectGraphs":true,"m_FxEnabled":true},"in2DMode":false,"pivot":{"x":40.530601501464847,"y":276.98455810546877,"z":-175.9605255126953},"rotation":{"x":-0.26184511184692385,"y":0.21271933615207673,"z":-0.05934971943497658,"w":-0.9395473599433899},"size":27.52165985107422,"orthographic":false}