{"cameraMode":{"drawMode":0,"name":"Shaded","section":"Shading Mode"},"sceneLighting":false,"audioPlay":false,"sceneViewState":{"m_AlwaysRefresh":false,"showFog":true,"showSkybox":false,"showFlares":true,"showImageEffects":true,"showParticleSystems":true,"showVisualEffectGraphs":true,"m_FxEnabled":true},"in2DMode":false,"pivot":{"x":5.7568206787109379,"y":0.5883842706680298,"z":27.822267532348634},"rotation":{"x":0.053769614547491077,"y":-0.4514150023460388,"z":0.027235545217990876,"w":0.8902977108955383},"size":0.15308620035648347,"orthographic":false}