{"cameraMode":{"drawMode":0,"name":"Shaded","section":"Shading Mode"},"sceneLighting":false,"audioPlay":false,"sceneViewState":{"m_AlwaysRefresh":false,"showFog":true,"showSkybox":false,"showFlares":true,"showImageEffects":true,"showParticleSystems":true,"showVisualEffectGraphs":true,"m_FxEnabled":true},"in2DMode":false,"pivot":{"x":12.303848266601563,"y":4.039999961853027,"z":-7.641377925872803},"rotation":{"x":0.09166949987411499,"y":0.016665834933519365,"z":-0.0015578264137730003,"w":0.9956727623939514},"size":0.6005885601043701,"orthographic":false}